hora,PN,FA
21:00:00,0.364410516449052,0.163541451737904
21:30:00,0.356063464302322,0.206179219829088
22:00:00,0.363934692854635,0.106458638574003
22:30:00,0.357151881319947,0.0958421702509838
