hora,PN,FA
21:00:00,0.364410516449052,0.163541451737904
21:30:00,0.356063464302322,0.206179219829088
22:00:00,0.363934692854635,0.106458638574003
22:30:00,0.356922241619633,0.116941943247475
23:00:00,0.34456593094208,0.110972809183852
