hora,PN,FA
00:00:00,0.110730127851051,-0.107191906811307
01:00:00,0.0712237800605701,-0.0319160715087863
