hora,PN,FA
00:00:00,0.110730127851051,-0.107191906811307
01:00:00,0.0697681847882864,0.0248559903233509
