hora,pn,fa
13:00:00,-0.166681104927863,-0.166681104927863
