hora,pn,fa
13:00:00,-0.119434611152025,-0.119434611152025
