hora,PN,FA
00:00:00,0.110730127851051,-0.107191906811307
01:00:00,0.0498327289061334,0.0381893417622674
