hora,PN,FA
00:00:00,0.110730127851051,-0.107191906811307
01:00:00,0.0612335947765311,0.0323387822256701
