hora,PN,FA
00:00:00,0.110730127851051,-0.107191906811307
01:00:00,0.0553880534176914,0.0395616476667096
