hora,pn,fa
13:00:00,-0.14313445517949,-0.14313445517949
