hora,PN,FA
00:00:00,0.110730127851051,-0.107191906811307
01:00:00,0.062637874032938,0.0336954718378249
