hora,pn,fa
00:00:00,0.110730127851051,-0.107191906811307
01:00:00,0.136777644026226,0.0542339883310866
