hora,PN,FA
00:00:00,0.110730127851051,-0.107191906811307
01:00:00,0.0534948618588834,0.00532106423904387
