hora,pn,fa
13:00:00,-0.0900914782972178,-0.0900914782972178
