hora,pn,fa
00:00:00,0.110730127851051,-0.107191906811307
01:00:00,0.0797425064372166,0.161387578404909
