hora,PN,FA
00:00:00,0.110730127851051,-0.107191906811307
01:00:00,0.0489540395339344,0.0120311420784067
