hora,PN,FA
00:00:00,0.110730127851051,-0.107191906811307
01:00:00,0.06861783897988,-0.0273466690198708
