hora,pn,fa
00:00:00,0.110730127851051,-0.107191906811308
01:00:00,0.080861618367887,-0.039488491191349
