hora,PN,FA
00:00:00,0.110730127851051,-0.107191906811307
01:00:00,0.0641164358404669,0.0249306207376631
