hora,pn,fa
13:00:00,-0.109871346334593,-0.109871346334593
