hora,PN,FA
00:00:00,0.110730127851051,-0.107191906811307
01:00:00,0.0925886157120696,0.0351498823575776
