hora,PN,FA
00:00:00,0.110730127851051,-0.107191906811307
01:00:00,0.0731253001809107,-0.0596494318485184
