hora,PN,FA
00:00:00,0.110730127851051,-0.107191906811308
01:00:00,0.0632920469297902,0.0187799233512791
