hora,PN,FA
00:00:00,0.110730127851051,-0.107191906811307
01:00:00,0.0758563265671638,0.0287848569300933
02:00:00,0.107809502039434,-0.0105056634900325
