hora,pn,fa
13:00:00,-0.0967272265971039,-0.0967272265971039
