hora,pn,fa
13:00:00,-0.0933170480926612,-0.0933170480926612
