hora,PN,FA
00:00:00,0.110730127851051,-0.107191906811307
01:00:00,0.0456776968694742,0.0160824018594012
