hora,pn,fa
13:00:00,-0.0826844353790246,-0.178034147014858
