hora,PN,FA
00:00:00,0.110730127851051,-0.107191906811307
01:00:00,0.0758563265671639,0.0287848569300932
02:00:00,0.136974015557112,-0.0101674155915128
