hora,pn,fa
13:00:00,-0.087857279326319,-0.087857279326319
