hora,PN,FA
00:00:00,0.110730127851051,-0.107191906811307
01:00:00,0.0578002649822369,0.00437321147728485
