hora,PN,FA
00:00:00,0.110730127851051,-0.107191906811307
01:00:00,0.0758563265671638,0.0287848569300932
02:00:00,0.0445734582930528,-0.0206542093292736
03:00:00,0.173252598033618,-0.0133303005986342
