hora,pn,fa
13:00:00,-0.0826844353790246,-0.178034147014858
14:00:00,0.324052143096924,0.551847095489502
15:00:00,0.0729870223415259,-0.160163703687505
