hora,PN,FA
00:00:00,0.110730127851051,-0.107191906811307
01:00:00,0.085998220121016,0.0144059405974071
