hora,pn,fa
00:00:00,0.110730127851051,-0.107191906811307
01:00:00,0.157918714790564,0.119077373433473
