hora,pn,fa
00:00:00,0.110730127851051,-0.107191906811307
01:00:00,0.176574572527449,0.121404939452522
