hora,pn,fa
00:00:00,0.110730127851051,-0.107191906811307
01:00:00,0.0791480428689779,0.143116820095607
