hora,pn,fa
13:00:00,-0.0506601321284279,-0.0506601321284279
