hora,pn,fa
00:00:00,0.110730127851051,-0.107191906811307
01:00:00,0.107004461438461,0.155120920339771
