hora,PN,FA
00:00:00,0.110730127851051,-0.107191906811307
01:00:00,0.0758563265671638,0.0287848569300933
02:00:00,-0.120556087296017,0.194995537332213
