hora,PN,FA
00:00:00,0.110730127851051,-0.107191906811307
01:00:00,0.0669075498144308,0.0170974789576855
