hora,PN,FA
00:00:00,0.110730127851051,-0.107191906811307
01:00:00,0.0518278287135275,0.0315829981848638
