hora,PN,FA
00:00:00,0.110730127851051,-0.107191906811307
01:00:00,0.0503647006746118,0.0212520987690632
