hora,PN,FA
00:00:00,0.110730127851051,-0.107191906811307
01:00:00,0.0414993406682649,0.00663040816945825
