hora,PN,FA
00:00:00,0.110730127851051,-0.107191906811307
01:00:00,0.0622765505319885,0.0228440941122212
